{
    "qKTI7qCrIQS9qsMFlZTm/Q==": "basic_tablet.png",
    "+nTt+HpK0rHMVExckGEytQ==": "samsung%20s10-2000x2987.jpeg",
    "xKNQNc9LwHuf4nQKc/exag==": "iphone%20x-2000x2000.jpg",
    "HG/Mta29MiRPfbwyWsBfiQ==": "samsung%20s8-2000x1333.jpg",
    "DCyuUqJGdrp0B5O7xpFv9Q==": "iphone%20x-506x506.jpg",
    "mc7M9JgVXg8SkN6AiG4kvg==": "iphone%207-2000x1325.jpg",
    "Xj0frApFZhHpMO5i8E4TGQ==": "nokia%208-2000x1333.jpg",
    "JR/h6RKAQPE9/YUeK0gGOg==": "samsung%20s10-506x756.jpeg",
    "BJ4JfxDmLL6/K7uuvgwRdA==": "download-275x183.jpg",
    "iAw8drOVSKi0NlhbntRqQA==": "apple-iphone-x-64gb-gray-1-506x506.jpg",
    "nQCDIEbmE8Q3Icf40+t4Yw==": "iphonex_waterproof_glacier_blue__website_scaled-1.webp",
    "C9tPuw/DhiWFFti+WEFqeQ==": "472037-iphone-x-506x285.jpg",
    "HtZz6gS98/jbyuohsINPHw==": "472037-iphone-x-506x285.jpeg",
    "FnQqnCCOtVUOkTbh9I2igw==": "472037-iphone-x-1-506x285.jpeg",
    "pa5Dkwo/T1qgW/t0h+fQvA==": "background5.jpg",
    "eSQxk96hz0srUKRKhvdntw==": "salman-510x765.png",
    "mX3sHUr7C2psuDS+glfyIQ==": "salman-1-510x765.png",
    "ljobgR/JgrvUKs3ssNn/fQ==": "yasir-510x483.jpg",
    "mpRiXTFOidyHfrqhf0x8nQ==": "yasir-510x483.jpeg",
    "PuP4fQtWOrEpwjUSAxkcHQ==": "ali-510x907.jpg",
    "vDeHnvmBuwGUsOaE3sik4A==": "ali-510x907.jpeg",
    "Ic7wmegGcYjfFaXBFnsHHg==": "ali-1-510x907.jpeg",
    "sbeCL0YDMa8CJyy9Olv50A==": "yasir-1-510x483.jpeg",
    "ZaDCDnmy+i4lNz8DzXbIeA==": "ali-2-510x907.jpeg",
    "bg1Yo/K6+BKSByH1NNX5yA==": "ali-3-510x907.jpeg"
}